freq	subreddit	filter	reason
3627030	CringeAnarchy	check the history	
1585112	fatpeoplehate		
617954	uncensorednews	check the history	
593049	milliondollarextreme		
227295	SanctionedSuicide	exclude	offensive content
216504	jerktalkdiamond	exclude	personal
175256	sjwhate		
126289	WhiteRights		
90770	selfharmpics	exclude	offensive content
79472	GreatApes		
32620	Physical_Removal		
32033	zoophilia	exclude	animals
30689	Loungers	exclude	personal
26152	tardtales	exclude	offensive content
23077	TrayvonMartin		
21933	europeannationalism		
14834	SexWithDogs	exclude	animals
13068	NationalSocialism		
12580	Delraymisfits	exclude	personal
11441	holocaust		
8644	Ice_Poseidon2	exclude	personal
7609	nazi		
6196	pol		
5757	Truecels		
5393	Bestiality	exclude	animals
5138	nomorals	exclude	offensive content
3798	Polistan		
3650	Braincels		
3469	GasTheKikes		
3301	PicsOfDeadKids	exclude	offensive content
2948	TrueSanctionedSuicide	exclude	offensive content
2010	RapingWomen		
1927	ZOG		
1359	BlackCrime		
1341	ReallyWackyTicTacs	exclude	offensive content
1216	misogyny		
1163	GentilesUnited		
1116	PhilosophyOfRape		
1092	DylannRoofInnocent		
1049	hitler		
886	PicsOfHorseDicks	exclude	animals
839	AganistGayMarriage		
767	hematolagnia	exclude	offensive content
750	sexwithhorses	exclude	animals
663	N1GGERS		
656	BlackFathers	exclude	not enough info
645	SexyAbortions	exclude	offensive content
545	FULLFASCISM		
529	Identitarians		
501	niggerspics		
411	niglets		
397	Rapefugees		
394	lukecis	exclude	personal
367	PicsOfHorseVaginas	exclude	animals
342	niggervideos		
340	TheGoyimKnow		
317	TheCalmBeforeTheStorm	exclude	not enough info
311	WatchNiggersDie		
303	KKK		
263	tailbait	exclude	animals
221	polacks		
215	GreypoJerkTalkDiamond	exclude	personal
192	niggas		
190	NatSoc		
175	NiggerDrama		
172	NiggerFacts		
163	Chimpout		
149	PicsOfCanineVaginas	exclude	animals
144	HurtingAnimals	exclude	animals
121	watchanimalsdie	exclude	animals
115	USBlackCulture		
91	truesexwithdogs	exclude	animals
87	niggersstories		
83	gayzoo	exclude	animals
71	IFukMyDog	exclude	animals
55	CuttersGoneWild	exclude	offensive content
51	ChimpireOfftopic		
50	ShitNiggersSay		
47	Detoilet		
46	NiggersNews		
44	BritishJewishPower		
42	WorldStarHP	exclude	offensive content
41	WhiteSmite	exclude	not enough info
40	chimpmusic		
36	funnyniggers		
31	NiggersTIL		
31	NiggerCartoons		
28	niggerhistorymonth		
26	Apefrica		
26	Fuck_Niggers		
25	zoosexuality	exclude	animals
24	teenapers		
24	gibsmedat		
24	didntdonuffins		
23	WTFniggers		
22	Homophobes		
22	chicongo		
20	NegroFree		
20	blackpeoplehate		
20	whitesarecriminals		
18	TNB		
18	muhdick		
17	RacistNiggers		
17	The_Nazi		
15	NiggerMythology		
14	NiggersGIFs		
14	far_right		
12	Quranimals		
11	JustBlackGirlThings		
11	TheRacistRedPill		
11	QAnon		
8	RacoonsAreNiggers		
7	GOREgousWomen	exclude	offensive content
7	RapingEllenPao		
6	NiggerDocumentaries		
6	klukluxklan		
6	niggerrebooted		
5	apewrangling		
5	TIL_4_Niggers		
5	IHateWhitePeople		
3	DeformedBabies	exclude	offensive content
3	beatingfaggots		
2	kike		
2	RapeWorthy_Feminists		
2	ChimpireMETA		
2	gallowboobsux	exclude	personal
1	BlackHusbands		
1	NiggerSafari		
1	LedariusWilliams	exclude	personal
1	ChimpinAintEasy		
1	killniggers		
1	Ice_Poseidon3	exclude	personal
1	AsianFemaleHate		
1	killthejews		
